{
  "IsEncrypted": false,
  "Values": {
      "AzureWebJobsStorage": "UseDevelopmentStorage=true",
      "FUNCTIONS_WORKER_RUNTIME": "python",
      
      "COGNITIVE_SERVICES_ENDPOINT": "https://prompt-language-service.cognitiveservices.azure.com/",
      "COGNITIVE_SERVICES_KEY": "6vbcPIGL2dATrh8O5BNaok6ralv4RUpEWy2vW5tejuhaLVnKBn88JQQJ99BCACYeBjFXJ3w3AAAaACOGla0y",
      
      "OPENAI_ENDPOINT": "https://prompt-validator-function-openai-b083.openai.azure.com/",
      "OPENAI_KEY": "1025c96128dc4874995f1cf2fc9d0962",
      "OPENAI_DEPLOYMENT": "corrector-deployment",
      "OPENAI_RESPONSE_DEPLOYMENT": "respuesta-deployment",
      
      "CONTENT_SAFETY_ENDPOINT": "https://turecurso.contentsafety.azure.com/",
      "CONTENT_SAFETY_KEY": "tu-clave-de-content-safety"
  }
}